Table with row headers in column A and column headers in rows 8 through 9 and 63 through 64,,,,,,,,,,,,,,,,,,,,,,,,,,,,,,,,,,,,,,,,,,,,,,,,,,,,,,,,,,,,,,,,,,,,,,,,,,,,,,,,,,
Table H-8. Median Household Income by State: 1984 to 2022,,,,,,,,,,,,,,,,,,,,,,,,,,,,,,,,,,,,,,,,,,,,,,,,,,,,,,,,,,,,,,,,,,,,,,,,,,,,,,,,,,
"Information on confidentiality protection, sampling error, nonsampling error, and definitions is available at <https://www2.census.gov/programs-surveys/cps/techdocs/cpsmar23.pdf>.",,,,,,,,,,,,,,,,,,,,,,,,,,,,,,,,,,,,,,,,,,,,,,,,,,,,,,,,,,,,,,,,,,,,,,,,,,,,,,,,,,
Footnotes are available at <www.census.gov/topics/income-poverty/income/guidance/cps-historic-footnotes.html>.,,,,,,,,,,,,,,,,,,,,,,,,,,,,,,,,,,,,,,,,,,,,,,,,,,,,,,,,,,,,,,,,,,,,,,,,,,,,,,,,,,
"Source: U.S. Census Bureau, Current Population Survey, 1985 to 2023 Annual Social and Economic Supplements (CPS ASEC).",,,,,,,,,,,,,,,,,,,,,,,,,,,,,,,,,,,,,,,,,,,,,,,,,,,,,,,,,,,,,,,,,,,,,,,,,,,,,,,,,,
"(Households as of March of the following year. Income in current and 2022 C-CPI-U (2000-2022) and R-CPI-U-RS (pre-2000) adjusted dollars (28). Beginning in 2010, standard errors were calculated using replicate weights)",,,,,,,,,,,,,,,,,,,,,,,,,,,,,,,,,,,,,,,,,,,,,,,,,,,,,,,,,,,,,,,,,,,,,,,,,,,,,,,,,,
Current Dollars,,,,,,,,,,,,,,,,,,,,,,,,,,,,,,,,,,,,,,,,,,,,,,,,,,,,,,,,,,,,,,,,,,,,,,,,,,,,,,,,,,
State,2022,,2021,,2020 (41),,2019,,2018,,2017 (40),,2017,,2016,,2015,,2014,,2013 (39),,2013 (38),,2012,,2011,,2010 (37),,2009 (36),,2008,,2007,,2006,,2005,,2004 (revised),,2003,,2002,,2001,,2000 (30),,1999 (29),,1998,,1997,,1996,,1995 (25),,1994 (24),,1993 (23),,1992 (22),,1991,,1990,,1989,,1988,,1987 (21),,1986,,1985 (20),,1984 (19),
,Median income,Standard error,Median income,Standard error,Median income,Standard error,Median income,Standard error,Median income,Standard error,Median income,Standard error,Median income,Standard error,Median income,Standard error,Median income,Standard error,Median income,Standard error,Median income,Standard error,Median income,Standard error,Median income,Standard error,Median income,Standard error,Median income,Standard error,Median income,Standard error,Median income,Standard error,Median income,Standard error,Median income,Standard error,Median income,Standard error,Median income,Standard error,Median income,Standard error,Median income,Standard error,Median income,Standard error,Median income,Standard error,Median income,Standard error,Median income,Standard error,Median income,Standard error,Median income,Standard error,Median income,Standard error,Median income,Standard error,Median income,Standard error,Median income,Standard error,Median income,Standard error,Median income,Standard error,Median income,Standard error,Median income,Standard error,Median income,Standard error,Median income,Standard error,Median income,Standard error,Median income,Standard error
United States,"74,580",588,"70,780",368,"68,010",535,"68,700",550,"63,180",420,"61,140",322,"61,370",335,"59,040",436,"56,520",321,"53,660",392,"53,590",654,"51,940",276,"51,020",209,"50,050",251,"49,280",325,"49,780",213,"50,300",137,"50,230",140,"48,200",207,"46,330",155,"44,330",196,"43,320",188,"42,410",139,"42,230",129,"41,990",132,"40,700",190,"38,890",230,"37,010",171,"35,490",179,"34,080",197,"32,260",147,"31,240",146,"30,640",145,"30,130",144,"29,940",153,"28,910",159,"27,230",139,"26,060",127,"24,900",129,"23,620",128,"22,420",102
Alabama,"59,910","1,934","56,930","2,294","54,690","2,563","56,200","2,512","49,940","2,423","50,870","1,094","51,110",845,"47,220","2,301","44,510","3,419","42,280","1,529","47,320","5,511","41,380","2,315","43,460","2,529","42,590","2,021","40,930","2,396","39,980",904,"44,480","1,659","42,210","1,420","37,950","1,014","37,150","1,215","36,630","1,303","37,260","1,580","37,600","1,062","35,160","1,006","35,420","1,072","36,250","1,189","36,270","1,307","31,940","1,607","30,300","1,258","25,990","1,266","27,200","1,559","25,080","1,088","25,810","1,058","24,350","1,068","23,360","1,037","21,280","1,070","19,950",912,"19,730","1,147","19,130",885,"18,330",760,"17,310",605
Alaska,"89,740","4,842","81,130","3,967","74,750","3,557","78,390","6,685","68,730","3,390","77,990","3,718","72,230","2,719","75,720","4,086","75,110","3,485","67,630","3,153","72,470","5,446","61,140","3,301","63,650","2,839","57,430","3,710","57,850","2,390","61,600","1,751","63,990","2,302","62,990","1,583","56,420","1,495","55,890","1,331","55,060","2,071","51,840",981,"52,770","1,073","57,360","2,012","52,850","1,159","51,400","2,226","50,690","2,124","47,990","1,258","52,780","1,907","47,950","2,008","45,370","1,494","42,930","1,643","41,800","1,156","40,610","1,822","39,300","1,627","36,010","1,378","33,100","1,183","33,230","1,497","31,360","1,017","34,780","1,089","32,360","1,473"
Arizona,"73,450","4,123","70,820","3,394","67,090","3,409","70,670","3,391","62,280","2,291","59,700","2,689","61,130","2,642","57,100","1,971","52,250","2,008","49,250","2,304","52,610","4,365","50,600","4,831","47,040","2,922","48,620","2,424","46,900","2,227","45,740","1,241","46,910","1,125","47,220","1,555","46,660","1,246","45,250","1,271","43,850","1,143","41,170","1,422","39,730","1,003","42,700","1,441","39,780","1,210","37,000","1,133","37,090","1,255","32,740","1,297","31,640","1,274","30,860","1,360","31,290",773,"30,510","1,120","29,360","1,088","30,740",897,"29,220","1,141","28,550","1,210","26,440",843,"26,750",892,"25,500",718,"23,880",744,"21,430",609
Arkansas,"53,980","2,376","50,780","1,440","50,780","1,837","54,540","2,384","49,780","2,108","49,750","2,491","48,830","2,642","45,910","2,165","42,800","1,572","44,920","2,546","39,380","2,402","39,920","2,389","39,020","2,812","41,300","1,849","38,590","2,464","36,540",909,"39,590","1,194","40,800","1,348","37,060",767,"36,660","1,309","34,980",994,"32,000",776,"32,390",778,"33,340","1,144","29,700",772,"29,680","1,026","27,670","1,160","26,160","1,154","27,120",978,"25,810",999,"25,570",944,"23,040",847,"23,880","1,398","23,440",783,"22,790",981,"21,430",915,"20,170",706,"18,830","1,008","18,730",765,"17,450",764,"15,670",748
California,"85,300","1,960","81,580","1,219","77,650","1,437","78,110","1,850","70,490","1,233","70,040","1,576","69,760","1,452","66,640","1,075","63,640","1,711","60,490",894,"60,790","1,811","57,530","1,223","57,020","1,238","53,370","1,378","54,280","1,182","56,130",619,"57,010",829,"55,730",618,"55,320",695,"51,760",460,"49,220",660,"49,300",819,"47,440",766,"47,260",727,"46,820",686,"43,630",703,"40,930",577,"39,690",864,"38,810",818,"37,010",723,"35,330",619,"34,070",651,"34,900",629,"33,660",685,"33,290",565,"33,010",618,"30,290",634,"30,150",538,"29,010",570,"26,980",350,"25,290",364
Colorado,"89,930","3,790","84,950","3,155","83,780","6,019","72,500","5,221","73,030","3,562","74,980","2,661","74,170","2,982","70,570","4,125","66,600","3,682","60,940","2,414","67,910","4,129","63,370","2,800","57,260","2,708","58,630","2,553","60,230","2,481","55,930","1,595","60,940","1,898","61,140","1,014","55,700","1,524","50,450","1,287","50,890","1,590","49,940","1,158","48,290","1,464","49,400","1,190","48,240","1,237","48,180","1,483","46,600","1,086","43,230","1,944","40,950","1,329","40,710","1,552","37,830","1,446","34,490","1,569","32,480","1,471","31,500","1,245","30,730",906,"26,810","1,398","26,210","1,285","26,480","1,075","27,190",926,"28,180",850,"25,800",805
Connecticut,"90,730","4,245","80,960","5,261","79,430","3,602","87,290","4,630","72,810","5,119","74,300","3,453","72,780","3,509","75,920","3,404","72,890","4,449","70,160","2,665","69,290","3,238","67,780","2,547","64,250","2,853","65,420","3,014","66,000","2,095","64,850","2,308","64,680","2,701","64,140","2,049","62,400","2,162","56,840","1,633","55,100","1,648","54,970","1,561","53,390","1,370","53,350","1,240","50,170","1,357","50,590","2,296","46,510","2,728","43,990","1,989","42,120","3,087","40,240","2,269","41,100","1,595","39,520","1,660","40,840","1,972","42,150","1,944","38,870","2,097","42,320","1,592","36,210","1,293","32,860","1,362","32,720","1,605","31,090","1,129","29,950","1,238"
Delaware,"80,750","4,160","68,690","2,919","70,020","5,283","74,190","3,009","65,010","3,599","64,960","5,230","62,320","3,300","58,050","2,992","57,760","3,392","57,520","2,970","54,090","4,350","52,220","2,486","48,970","1,976","54,660","1,745","55,210","2,255","52,110","1,781","50,700","1,388","54,590","2,159","52,440","1,730","51,240","1,076","48,050","1,421","49,020","1,378","49,650","1,685","49,600","1,468","50,370","1,508","46,630","2,281","41,460","1,753","43,030","2,062","39,310","1,402","34,930","1,848","35,870","1,191","36,060",849,"35,680","1,393","32,590","1,111","30,800","1,113","32,070","1,133","30,510","1,167","29,240",875,"25,630","1,212","22,980","1,366","25,820","1,027"
District of Columbia,"101,700","3,114","90,640","3,756","88,220","3,511","93,110","3,884","85,750","2,659","81,280","1,903","83,380","3,319","70,980","2,734","70,070","2,861","68,280","4,402","60,060","5,529","60,680","3,082","65,250","3,671","55,250","2,109","56,930","3,333","53,140","2,088","55,590","1,763","50,780","1,097","48,480","1,679","44,990","2,167","43,450","1,864","45,040","1,418","39,070",995,"41,170","1,023","41,220","1,072","38,670","1,599","33,430","1,311","31,860",984,"31,970","1,578","30,750","1,182","30,120","1,107","27,300","1,726","30,250","1,124","29,890","1,903","27,390","1,562","26,750","1,015","26,740",748,"27,460","1,285","24,320","1,252","21,080",756,"20,410",860
Florida,"65,370","1,950","59,730","1,509","57,760","1,814","58,370","1,579","54,640","1,887","53,090","1,438","53,680","1,816","51,180",835,"48,830","1,395","46,140",950,"48,530","2,815","47,890","1,573","46,070","1,110","45,110","1,138","44,070","1,544","45,630",706,"44,860",858,"45,790",570,"45,680",629,"42,990",810,"40,540",632,"38,970",759,"38,020",828,"36,420",417,"38,860",743,"35,830",627,"34,910",767,"32,460",583,"30,640",513,"29,750",612,"29,290",632,"28,550",707,"27,350",526,"27,250",475,"26,690",454,"26,090",475,"25,410",475,"24,490",476,"22,850",540,"21,340",437,"19,790",468
Georgia,"67,730","2,981","61,500","2,266","59,270","2,063","56,630","1,782","55,820","2,032","57,990","2,288","57,020","2,434","53,530","1,679","50,770","1,401","49,560","2,009","46,990","4,236","47,440","1,959","48,120","1,504","45,970","2,483","44,120","1,822","43,340","1,256","46,230","1,164","48,640","1,078","49,340","1,210","45,930",838,"40,980",618,"42,440",979,"42,940","1,107","42,580","1,073","41,900",831,"39,430","1,355","38,670","1,179","36,660",916,"32,500","1,666","34,100",897,"31,470","1,238","31,660","1,254","28,800","1,228","27,210","1,088","27,560","1,186","27,540","1,021","26,570",896,"26,710","1,380","24,370","1,112","21,050",788,"19,980",815
Hawaii,"91,010","3,712","82,200","3,790","80,830","2,427","88,010","3,565","80,110","3,482","73,600","2,352","73,580","2,227","72,130","2,510","64,510","2,840","71,220","2,676","64,240","3,918","61,410","2,207","56,260","2,255","59,050","2,531","59,540","2,731","55,650","2,023","61,520","1,481","64,020","2,125","60,470","1,571","59,590","1,212","56,240","1,690","51,830","1,332","47,300","1,371","47,440","1,256","51,550","1,193","44,500","1,832","40,830","2,369","40,930","1,399","41,770","1,893","42,850","1,292","42,260","2,423","42,660","1,759","42,110","1,435","37,250","1,630","38,920","1,414","35,040","1,328","33,020","1,482","35,020","1,074","29,000","1,206","28,960","1,446","28,880","1,216"
Idaho,"72,580","2,657","76,920","1,837","66,730","1,988","65,990","2,152","58,730","2,405","59,500","2,259","60,210","2,400","56,560","1,261","51,620","1,260","53,440","2,572","48,470","5,484","51,770","3,656","47,920","3,173","47,460","3,488","47,050","1,869","46,780","1,264","47,420","1,681","49,180","1,291","46,210","1,312","44,180","1,254","44,360","1,387","42,370",982,"37,720","1,121","38,240",966,"37,610","1,192","35,800","1,413","36,680","1,090","33,400","1,339","34,710","1,341","32,680","1,116","31,540","1,278","31,010","1,323","27,700",874,"26,120","1,029","25,310",975,"24,650",953,"23,450","1,004","20,760",834,"20,750",680,"20,760",598,"21,090",963
Illinois,"78,020","2,365","79,250","1,771","74,330","2,227","74,400","2,625","70,150","2,253","65,970","1,667","64,610","1,999","61,390","1,761","60,410","1,999","54,920","1,625","53,940","3,287","57,200","1,744","51,740","1,328","50,640","1,374","50,730","1,474","52,870",941,"53,250","1,325","52,510",950,"48,670","1,167","48,400",986,"46,080",823,"45,150","1,072","42,710",856,"46,170",879,"46,060",966,"46,330","1,028","43,180","1,234","41,280",782,"39,550","1,107","38,070",875,"35,080",799,"32,860",810,"31,550",752,"31,880",714,"32,540",724,"31,300",623,"29,520",754,"27,080",536,"26,510",634,"24,870",523,"23,750",567
Indiana,"70,030","2,717","70,190","2,519","66,810","4,176","66,690","3,112","59,890","1,997","58,770","1,655","58,870","2,026","56,090","2,877","51,980","1,682","48,060","1,943","49,460","4,508","50,550","3,220","46,160","1,787","44,450","2,309","46,140","2,573","44,310","1,085","46,520","1,185","47,450","1,255","45,410","1,236","42,440","1,100","42,330","1,151","42,430",959,"41,050",748,"40,380",948,"40,870",679,"40,840","1,719","39,730","1,589","38,890","1,183","35,150","1,298","33,390","1,444","27,860","1,032","29,480","1,361","28,530","1,315","27,090",922,"26,930","1,099","25,900","1,022","26,290",931,"22,520",944,"22,730",709,"22,680",626,"22,770",710
Iowa,"76,320","3,355","72,430","3,508","68,820","3,347","66,050","4,009","68,720","2,910","63,470","4,760","63,480","5,512","59,090","2,484","60,860","3,275","57,810","3,425","60,160","6,134","54,860","1,967","53,440","2,138","50,220","1,974","49,020","1,342","50,720","1,535","50,140","1,293","48,910","1,451","48,130","1,491","46,500","1,339","43,390","1,521","41,380",884,"41,050","1,152","40,980","1,133","40,990",811,"41,100","1,130","37,020","1,202","33,780","1,282","33,210","1,527","35,520",942,"33,080","1,280","28,660","1,240","28,740",972,"28,550","1,012","27,290",986,"26,270",792,"24,310","1,078","22,190",912,"22,460",750,"20,930",604,"19,860",745
Kansas,"73,040","3,440","75,980","4,213","73,080","3,632","73,150","4,329","63,940","2,027","56,900","1,937","57,870","2,898","56,810","3,268","54,870","3,731","53,440","2,863","47,820","4,496","51,490","1,498","50,000","1,812","46,150","1,950","46,050","1,816","44,720","1,788","47,880","1,410","48,500","1,805","45,550","1,252","42,030",985,"41,070","1,749","44,230","1,326","42,620","1,047","41,420","1,115","41,060","1,168","37,350","2,078","36,710","1,617","36,470","1,614","32,590","1,460","30,340",921,"28,320","1,064","29,770","1,144","30,350","1,137","29,300",934,"29,920","1,179","26,860",908,"25,570","1,153","25,580",900,"23,930",782,"22,790","1,033","24,630",912
Kentucky,"55,880","4,060","55,630","3,025","56,760","2,353","55,660","2,553","54,560","3,668","49,670","1,885","51,350","1,364","45,370","2,005","42,390","2,269","42,790","1,580","44,880","3,924","42,160","1,874","41,090","1,900","39,860","1,847","41,100","2,823","42,660","1,313","41,150",812,"39,450","1,211","39,490","1,051","36,700",898,"35,610","1,218","36,940",857,"36,760",874,"38,440","1,009","36,270",848,"33,740","1,484","36,250","1,511","33,450","1,659","32,410","1,439","29,810","1,149","26,600","1,028","24,380","1,091","23,490","1,259","23,760","1,046","24,780","1,213","23,280","1,206","19,910",801,"20,670",939,"19,870","1,006","17,360",748,"17,680","1,079"
Louisiana,"58,330","2,024","57,210","2,879","51,190","1,602","51,710","1,412","49,970","1,754","43,570","2,088","43,900","1,453","42,200","1,197","45,920","2,140","42,410","1,862","46,430","2,543","39,620","2,857","39,090","1,611","40,660","1,929","39,300","3,248","45,430","1,813","39,560","1,486","41,310",937,"36,490","1,425","37,240","1,297","36,430","1,243","33,510","1,103","34,010","1,258","33,320","1,195","30,720",828,"32,650","1,244","31,740","1,660","33,260","1,551","30,260","1,290","27,950","1,090","25,680","1,501","26,310","1,164","25,440","1,142","25,300","1,156","22,410","1,580","22,860","1,857","20,500","1,474","21,350",858,"20,890",956,"21,180",728,"18,950",880
Maine,"75,160","3,545","71,140","3,092","63,690","3,437","66,550","5,002","58,660","5,683","53,320","3,121","51,660","2,146","50,860","3,346","50,760","1,929","51,710","2,171","54,960","3,863","50,120","1,953","49,160","2,247","49,690","1,983","47,930","1,687","47,500","1,739","47,230","1,436","47,890","1,398","45,640","1,797","43,920","1,433","41,330","1,223","37,110",945,"36,850",846,"36,610",952,"37,270",853,"38,860","1,319","35,640","1,049","32,770","1,301","34,700","1,211","33,860","1,088","30,320","1,537","27,440","1,203","29,620","1,026","27,870","1,253","27,460","1,572","28,220","1,389","26,400",942,"23,600","1,019","23,420",970,"20,520",803,"20,650",884
Maryland,"108,200","5,355","97,330","4,492","94,790","4,236","95,570","3,284","86,220","3,331","82,090","3,643","81,080","3,652","73,760","2,591","73,590","2,692","76,170","4,272","69,350","2,970","65,260","4,386","71,840","1,851","68,880","2,125","64,200","2,297","64,190","1,674","63,710","1,769","65,630","1,661","63,670","1,601","60,510","1,477","57,100","1,692","52,310","1,223","56,410","1,532","53,530","1,652","54,540","1,400","52,210","2,217","50,020","2,161","46,690","1,476","43,990","2,565","41,040","1,627","39,200","1,400","39,940","1,282","37,200","1,626","36,950","1,417","38,860","1,596","36,020","1,187","36,550","1,196","34,970","1,388","30,600","1,036","30,140",966,"29,710","1,151"
Massachusetts,"93,550","3,280","86,570","4,099","87,810","6,327","87,710","2,828","86,350","2,785","76,240","2,394","73,230","3,328","72,270","2,911","67,860","2,790","63,150","2,662","62,530","5,303","62,960","3,456","63,660","3,773","63,310","3,226","60,930","2,193","59,370","1,749","60,320","1,674","58,460","2,231","55,330","2,079","56,020","1,754","52,020","1,667","50,960",953,"49,860","1,153","52,250","1,518","46,750","1,357","44,010","2,023","42,350","1,961","42,020","1,383","39,490","1,932","38,570","1,475","40,500","1,060","37,060",949,"36,360",738,"35,710",790,"36,250",828,"36,090",704,"33,210",839,"32,240",716,"30,340",735,"28,210",810,"26,960",693
Michigan,"68,990","2,794","64,490","3,819","64,390","3,191","64,120","1,680","60,450","1,906","56,410","2,286","57,700","2,337","57,090","1,908","54,200","2,005","52,010","1,199","56,570","1,587","48,800","2,229","50,020","1,515","48,880","1,844","46,280","1,737","45,990","1,003","49,790","1,154","49,370",798,"48,650",966,"45,930",915,"42,260",858,"45,020",950,"42,720","1,115","45,050",868,"45,510","1,095","46,090","1,026","41,820",917,"38,740","1,108","39,230","1,143","36,430",994,"35,280",685,"32,660",682,"32,270",761,"32,120",689,"29,940",663,"30,780",790,"29,470",607,"27,700",724,"26,610",648,"24,240",838,"22,970",635
Minnesota,"90,390","4,307","80,440","5,050","78,750","3,393","81,430","2,988","71,820","3,656","69,980","4,649","71,920","2,991","70,220","4,045","68,730","3,063","67,240","3,207","64,320","3,992","60,910","1,843","61,800","1,339","57,820","2,380","52,320","1,606","56,090","1,237","54,930","1,427","58,060","1,888","56,210","1,218","54,220","1,244","56,100","1,070","52,820","1,228","54,620","1,196","52,680","1,134","54,250","1,703","47,040","1,527","47,930","2,115","42,560","1,510","40,990","1,225","37,930","1,848","33,640","1,360","33,680","1,212","30,980","1,297","29,480","1,146","31,470","1,028","30,190","1,278","29,090","1,041","28,080","1,113","26,440","1,150","23,860","1,022","24,440",914
Mississippi,"48,610","2,427","46,640","1,805","45,130","2,623","44,790","2,997","42,780","2,304","43,280","1,795","43,440","2,204","41,100","1,226","40,040","1,071","35,520","1,294","32,340","2,730","40,850","2,144","36,640","1,546","41,090","2,366","38,160","2,830","35,080","1,304","36,450",830,"37,280",951,"34,730","1,583","32,880","1,292","34,760","1,132","32,730","1,113","30,880",766,"30,160","1,186","34,300","1,354","32,480","1,408","29,120","1,158","28,500","1,386","26,680","1,316","26,540","1,028","25,400",752,"22,190","1,229","20,570","1,074","19,480","1,053","20,180",802,"19,920",947,"18,170",888,"18,510",901,"16,510",639,"16,410",619,"15,430",732
Missouri,"71,520","4,037","63,590","2,710","62,180","2,715","60,600","2,932","61,730","2,442","56,530","2,333","56,890","2,611","55,020","1,719","59,200","2,607","56,630","3,030","46,300","4,134","50,310","3,698","49,760","2,042","45,770","2,157","45,820","2,157","48,770","1,595","46,040","1,146","46,010","1,104","44,580","1,402","42,990",989,"42,140","1,073","43,760",875,"42,780","1,074","41,340","1,204","45,100","1,187","41,380","1,191","40,200","1,868","36,550","2,060","34,270","1,513","34,830","1,373","30,190","1,442","28,680","1,466","27,360","1,451","27,930","1,415","27,330","1,394","26,500",746,"23,440","1,088","23,720","1,167","21,930",772,"21,940",608,"20,780",715
Montana,"72,980","2,878","65,000","5,000","56,740","2,497","60,200","2,294","57,680","2,876","57,410","2,223","59,090","2,589","57,080","2,880","51,400","2,937","51,100","1,778","43,200","5,946","44,130","3,252","45,090","2,565","40,280","2,036","41,280","1,847","40,440","1,002","42,900","1,764","43,660","1,699","41,110",697,"37,310","1,161","33,960",709,"34,110","1,067","34,840","1,212","32,130",737,"32,780","1,001","31,040",966,"31,580","1,133","29,210","1,145","28,680","1,566","27,760","1,105","27,630","1,246","26,470",965,"26,530",728,"24,830",890,"23,380",983,"23,690","1,311","22,230",829,"20,470",799,"20,330",749,"20,240",800,"19,540",720
Nebraska,"78,360","3,148","78,110","3,963","72,250","2,453","73,070","3,259","67,580","3,933","59,580","2,790","59,620","2,848","59,370","2,678","60,470","2,937","56,870","2,254","57,620","4,217","53,770","1,815","52,200","2,699","55,620","2,693","52,500","1,761","49,600","1,657","50,730","1,254","49,170","1,379","48,150","1,490","47,920","1,447","43,790","1,332","43,970","1,306","42,800","1,038","43,610","1,116","41,750","1,018","38,630","1,366","36,410","1,549","34,690","1,528","34,010","1,500","32,930","1,155","31,790","1,116","31,010",833,"30,050","1,071","29,550","1,007","27,480","1,128","26,320","1,521","25,160",960,"23,270",761,"21,770",814,"21,800",914,"21,400",765
Nevada,"72,330","3,554","64,340","3,500","61,160","2,427","70,910","3,465","61,860","2,116","58,040","2,952","56,550","3,039","55,430","2,137","52,010","2,272","49,880","1,836","51,850","3,178","45,370","2,830","47,330","2,533","47,040","2,669","51,200","1,922","51,430","1,097","54,740","2,658","54,060","1,294","52,280","1,252","48,210","1,680","47,200","1,382","45,180","1,554","44,960","1,161","45,400","1,130","45,760","1,011","41,460","1,764","39,760","1,225","38,850","1,576","38,540","1,615","36,080","1,314","35,870","1,534","35,810","1,078","31,910",796,"32,940","1,564","32,020","1,179","29,340",948,"27,980",956,"26,880","1,128","26,220",895,"23,270","1,005","25,780","1,018"
New Hampshire,"84,970","5,553","88,840","4,818","88,890","3,481","86,900","2,721","81,350","3,394","75,630","3,941","74,800","3,041","76,260","2,913","75,680","3,519","73,400","3,253","69,100","3,967","71,320","3,261","67,820","2,224","65,880","1,652","66,630","1,651","64,130","1,856","66,180","3,204","67,580","1,846","61,970","1,479","56,980","2,026","56,820","1,324","55,570","1,304","55,320","1,289","51,330",719,"50,930","1,243","46,060","1,952","44,960","1,866","41,000","1,604","39,410","1,734","39,170","1,556","35,250","1,837","37,960","1,620","39,440","1,922","36,030","1,339","40,810","1,313","37,530","1,371","34,630","1,129","32,340","1,450","30,550",829,"26,400","1,074","25,910",735
New Jersey,"92,340","3,453","88,560","4,751","85,550","4,056","87,730","4,069","74,180","2,845","71,240","4,129","73,000","2,999","68,470","2,867","68,360","3,132","65,240","2,693","63,750","4,464","61,780","3,058","66,690","1,960","62,340","3,028","62,970","2,443","64,780","1,919","65,310","2,297","60,510","1,458","68,060","1,979","63,370","2,257","55,280","1,283","56,050","1,023","54,570","1,605","51,770",933,"50,410",991,"49,730","1,405","49,830","1,436","48,020","1,424","47,470","1,217","43,920","1,400","42,280","1,064","40,500",986,"39,000",841,"40,050","1,033","38,730",864,"39,120",948,"36,290",658,"34,240",794,"31,720",842,"30,980",643,"27,780",800
New Mexico,"56,420","2,348","53,460","3,142","50,910","1,719","53,110","2,196","48,280","2,202","45,600","1,826","47,860","1,969","48,450","2,961","45,120","2,885","46,690","3,312","40,170","4,408","42,130","2,670","43,420","2,267","41,980","2,154","45,130","3,016","43,540","1,494","42,100","1,381","44,360","1,474","40,030","1,257","38,950","1,700","39,560","1,584","35,110","1,142","35,460","1,061","33,120","1,238","35,090","1,248","32,570","1,746","31,540","1,398","30,090","1,157","25,090","1,091","25,990","1,100","26,910","1,382","26,760",853,"25,860","1,347","26,540","1,195","25,040","1,048","22,600","1,029","19,300",833,"20,760",621,"19,850",693,"20,420","1,025","20,630","1,029"
New York,"75,910","2,009","72,920","2,771","68,660","2,397","71,860","1,699","67,270","1,722","61,540","1,722","62,450","2,093","61,440","1,405","58,010","2,205","54,310","1,781","49,970","2,267","53,840","1,642","47,680","1,585","50,640","1,006","49,780","1,320","50,220",599,"50,460",682,"48,940",918,"48,220",989,"47,180",827,"44,650",792,"42,790",872,"41,970",580,"42,110",600,"40,740",581,"39,990",879,"37,390",777,"35,800",634,"35,410",746,"33,030",716,"31,900",477,"31,700",556,"31,050",529,"31,790",538,"31,590",511,"31,500",453,"28,920",668,"26,380",456,"25,030",474,"23,640",523,"22,030",417
North Carolina,"65,070","2,996","62,890","2,101","60,430","1,648","61,160","1,649","53,370","1,761","49,550","2,217","50,340","1,760","53,760","1,629","50,800","1,343","46,780","1,710","46,340","2,974","41,210","2,058","41,550","1,294","45,210","1,560","43,830","1,923","41,910",576,"42,930",846,"43,510","1,072","39,800",815,"42,060",964,"40,240",812,"37,280",941,"36,520",716,"38,160",951,"38,320",806,"37,250",960,"35,840","1,022","35,840",917,"35,600","1,008","31,980",888,"30,110",670,"28,820",653,"27,770",616,"26,850",510,"26,330",556,"26,410",517,"24,420",536,"22,760",542,"21,860",698,"21,450",585,"20,570",641
North Dakota,"78,720","4,371","68,880","2,731","64,120","2,341","70,030","3,170","66,510","3,095","60,170","2,102","59,890","1,676","60,180","2,290","57,420","3,233","60,730","3,138","59,150","3,451","52,890","2,863","55,770","2,123","56,360","2,960","51,010","2,311","50,080","1,738","49,630","1,188","47,210","1,280","41,050","1,405","42,190","1,221","39,220","1,251","40,410",852,"36,200",824,"35,790",804,"36,000","1,065","32,660","1,383","30,300","1,179","31,660","1,361","31,470","1,184","29,090","1,217","28,280","1,115","28,120",835,"26,960",901,"25,890",932,"25,260","1,003","25,230",903,"24,090","1,009","22,580",905,"21,510",785,"21,210",809,"20,770","1,038"
Ohio,"67,520","2,214","62,690","2,930","60,380","1,542","64,660","3,011","61,630","2,254","60,690","1,892","59,770","1,890","53,990","1,894","53,300","1,957","49,640","1,393","50,750","2,448","46,400","1,386","44,380","1,723","44,650","1,200","45,890","1,493","45,880",626,"46,930",848,"49,100","1,085","45,900",633,"44,200","1,046","43,060",977,"43,520",930,"42,680",777,"41,790",661,"42,960",732,"39,490",989,"38,930","1,576","36,130",894,"34,070","1,063","34,940",988,"31,860",584,"31,290",658,"31,400",587,"29,790",759,"30,010",720,"29,020",655,"27,740",636,"25,770",555,"25,120",588,"25,170",564,"23,120",492
Oklahoma,"63,440","3,371","60,100","3,913","52,470","1,911","59,400","2,357","54,430","2,774","51,880","3,109","55,010","3,102","50,940","1,652","47,080","1,937","47,200","2,775","46,160","3,442","43,780","4,085","48,410","2,821","48,460","2,395","43,100","2,073","45,880","1,139","46,110",931,"43,220","1,453","38,840","1,597","37,650","1,449","39,610","1,122","35,900",781,"36,460",613,"35,610",690,"32,430",709,"32,680","1,491","33,730","1,232","31,350","1,025","27,440","1,089","26,310",880,"26,990","1,213","26,260","1,492","25,280","1,075","25,460","1,079","24,380","1,044","23,670","1,236","23,670",756,"21,690",884,"20,950",871,"21,210",764,"21,150",718
Oregon,"86,780","3,431","81,860","3,071","76,860","3,583","74,410","5,675","69,170","3,655","62,500","2,542","64,610","2,856","59,140","2,622","60,830","2,374","58,880","2,998","49,000","2,887","56,310","2,022","51,780","2,330","51,530","1,607","50,600","1,505","49,100","1,644","51,730","1,374","50,240","1,357","47,090","1,396","44,160","1,391","40,990","1,051","41,640",965,"41,800",855,"41,270",752,"42,500",936,"40,620","1,252","39,070","1,927","37,250","1,788","35,490","1,274","36,370",970,"31,460","1,128","33,140","1,160","31,930","2,039","30,190","1,087","29,280",966,"28,530","1,435","27,750","1,150","25,040","1,092","24,770","1,002","21,890","1,042","21,400",745
Pennsylvania,"72,210","2,594","72,630","2,054","70,790","3,413","70,580","3,226","64,520","1,635","61,290","1,846","63,170","2,753","60,980","2,036","60,390","2,227","55,170","2,266","55,160","2,936","53,950","1,606","51,900","1,405","49,910","1,694","48,310","1,508","48,170",937,"51,400",589,"48,440",932,"48,480",869,"46,300",745,"44,110","1,039","42,930",778,"42,500",795,"43,500",723,"42,180",704,"37,760","1,141","39,020","1,080","37,520",964,"34,900",974,"34,520",683,"32,070",654,"31,000",694,"29,880",667,"30,370",614,"29,010",688,"28,690",684,"26,740",497,"25,420",541,"23,810",495,"22,880",538,"20,350",499
Rhode Island,"80,650","4,121","74,980","4,221","80,180","3,382","70,150","4,980","62,270","3,348","65,400","4,044","66,390","4,209","61,530","2,828","55,700","3,247","58,630","4,001","56,320","3,852","57,810","2,135","56,070","2,561","49,030","2,283","51,620","1,730","51,630","1,446","53,240","2,399","54,210","1,849","53,740","1,823","49,480","1,456","47,940","1,972","44,710","1,249","42,420",875,"45,720","1,147","42,200","1,018","42,720","1,980","40,690","2,657","34,800","2,235","36,990","1,036","35,360","1,373","31,930","1,321","33,510","1,547","30,430","1,433","30,840","1,091","31,970","1,175","30,120","1,354","29,840","1,584","28,290","1,440","26,540","1,060","24,630",900,"21,610",848
South Carolina,"61,770","2,601","62,540","2,161","60,340","1,981","62,030","1,783","57,440","2,082","54,540","2,133","54,970","2,078","54,340","3,153","46,360","2,266","44,930","2,244","43,560","2,388","43,750","2,970","44,400","2,157","40,080","1,702","41,700","1,460","41,100","1,113","42,160","1,121","44,210","1,553","39,620","1,347","40,230","1,204","38,690","1,021","38,480","1,121","37,810","1,224","37,740","1,023","37,570",937,"36,460","1,728","33,270","1,310","34,260","1,609","34,670","1,405","29,070","1,400","29,850","1,139","26,050",960,"27,580","1,434","27,460","1,137","28,740","1,383","23,800","1,059","25,530","1,150","25,050","1,136","21,970",864,"20,040",862,"20,310",934
South Dakota,"67,180","3,398","73,890","2,655","70,190","4,333","64,260","3,776","59,460","2,642","56,910","3,986","56,890","3,633","57,450","3,075","55,070","2,604","53,050","3,542","53,410","2,917","54,450","3,030","49,420","1,705","47,220","2,147","45,350","2,045","45,830","1,289","51,600",995,"46,420",900,"45,430","1,641","43,150","1,369","41,110",995,"39,520","1,004","37,870",953,"39,670",856,"36,480",687,"35,830",944,"32,790","1,013","29,690","1,145","29,530","1,003","29,580","1,610","29,730","1,185","27,740","1,040","26,260",669,"24,640",780,"24,570",858,"24,110",999,"22,290",703,"21,150",597,"19,900",664,"18,140",702,"19,410",928
Tennessee,"65,380","2,564","62,170","2,640","54,980","1,804","56,630","2,766","56,060","1,442","55,310","2,131","55,240","2,162","51,340","1,387","47,330","1,708","43,720","2,326","43,360","3,435","42,500","2,934","43,000","2,407","42,280","2,556","38,590","1,257","40,520",988,"39,700","1,211","41,200","1,116","40,690",755,"39,410","1,191","38,070","1,057","37,520","1,181","37,030","1,111","35,780",791,"34,100",930,"36,520","1,310","34,090","1,307","30,640","1,358","30,790","1,087","29,020","1,268","28,640","1,028","25,100",831,"24,320",913,"24,450",915,"22,590",869,"22,610","1,305","20,860","1,017","21,180",795,"18,260",884,"17,780",557,"16,780",576
Texas,"74,640","1,832","67,400","1,525","68,400","1,938","67,440","1,769","59,790","1,372","60,090","1,326","59,300","1,702","58,150","1,407","56,470","1,289","53,880","1,344","51,410","1,360","53,030","1,613","51,930",950,"49,050","1,153","47,270","1,159","47,480",743,"46,490",674,"46,050",700,"43,310",828,"41,420",420,"41,400",549,"39,270",762,"40,150",563,"40,860",512,"38,610",785,"38,690","1,020","35,780",662,"35,080",880,"33,070",763,"32,040",634,"30,760",655,"28,730",613,"27,950",634,"27,730",626,"28,230",716,"25,890",559,"24,960",582,"24,720",637,"24,160",514,"23,740",546,"23,020",533
Utah,"95,800","4,030","87,650","4,238","83,990","2,880","84,520","3,494","77,070","2,327","69,790","2,164","71,320","2,250","67,480","2,237","66,260","2,462","63,380","3,231","61,050","1,553","62,970","4,137","58,340","2,944","55,490","1,659","56,700","1,962","58,490","1,588","62,540","1,526","53,530","1,218","54,630","1,671","54,810","1,303","50,870",927,"49,280",902,"47,860","1,146","47,340","1,601","47,550","1,041","46,050","1,615","44,300","1,375","42,780","1,785","37,040","1,330","36,480",919,"35,720","1,041","35,790","1,242","34,250","1,145","28,020","1,359","30,140","1,018","30,720","1,014","26,310",909,"26,530","1,194","26,280",810,"25,240",702,"23,060",735
Vermont,"72,190","4,163","76,080","3,471","67,260","4,095","74,310","3,084","70,070","2,350","63,680","3,308","63,810","3,133","60,840","1,364","59,490","2,622","60,710","3,098","65,510","4,013","54,840","2,981","55,580","3,030","51,860","2,007","55,930","2,247","52,320","1,438","50,710",982,"47,390","1,398","51,980","1,266","50,700","1,309","47,330","1,270","43,260",977,"43,000",830,"40,790",944,"39,590",921,"41,580","1,407","39,370","1,591","35,050","1,727","32,360","1,250","33,820","1,242","35,800","1,906","31,070",956,"32,760","1,333","29,160","1,222","31,100","1,331","31,300","1,136","28,990","1,077","25,420","1,374","24,600","1,003","26,000",942,"22,580",983
Virginia,"85,170","4,082","80,270","2,953","82,210","3,115","81,310","3,056","77,150","3,086","70,810","3,805","71,290","3,276","66,450","2,436","61,490","2,439","66,160","2,946","65,910","2,740","67,620","2,542","64,630","2,166","62,620","1,773","60,370","1,965","60,500","1,193","61,990","1,447","59,160","1,365","57,120","1,592","51,910","1,185","51,140","1,116","54,780","1,563","49,630","1,290","50,240","1,148","47,160","1,065","45,690","1,770","43,350","2,195","42,960","1,897","39,210","1,459","36,220","1,391","37,650","1,531","36,430","1,387","38,200","1,359","36,140","1,336","35,070","1,048","34,120","1,205","32,650","1,319","30,000","1,013","29,720","1,074","28,430","1,324","26,530",874
Washington,"89,430","2,633","87,650","3,307","81,360","3,097","82,450","2,920","79,730","3,025","71,540","2,124","75,420","3,307","70,310","2,092","67,240","3,253","59,070","2,195","63,920","3,386","60,110","2,198","62,190","2,249","56,850","1,983","56,160","2,060","60,390","1,199","56,630","2,021","58,080","1,736","54,720","1,244","50,650","1,045","49,920","1,068","47,510","1,395","45,180",964,"42,490","1,264","42,530","1,211","45,470","2,080","47,420","1,379","44,560","1,715","36,680","1,608","35,570","1,252","33,530","1,190","35,660","1,111","33,900","1,247","33,970","1,185","32,110","1,239","31,960","1,472","32,330","1,030","27,320","1,108","26,880",950,"24,000",756,"25,020",823
West Virginia,"52,460","2,383","46,840","2,247","51,970","2,178","53,710","2,995","50,570","1,337","46,960","1,277","45,390","1,485","44,350","1,994","42,820","3,132","39,550","2,195","43,070","3,454","40,240","2,690","43,550","2,774","41,820","1,766","42,780","2,518","40,490",913,"37,990","1,404","42,090",989,"38,420","1,214","36,450","1,076","33,370","1,173","32,760",993,"29,360",699,"29,670",674,"29,410",645,"29,300","1,149","26,700",780,"27,490","1,315","25,250","1,301","24,880",870,"23,560","1,217","22,420",981,"20,270",892,"23,150",918,"22,140","1,142","21,680",843,"19,350",930,"17,210",778,"16,460",905,"15,980",828,"16,840",608
Wisconsin,"73,330","2,567","69,940","3,133","67,410","4,826","67,360","2,323","62,630","2,039","63,480","2,908","63,450","3,673","59,820","1,845","55,430","1,487","58,080","2,154","51,730","2,629","55,260","2,338","53,080","1,709","52,060","2,067","50,350","1,435","51,240",806,"51,200",852,"51,280","1,040","51,690","1,146","44,650","1,178","45,730","1,337","46,270",978,"45,900",946,"45,350","1,123","45,090",952,"45,670","1,878","41,330","1,271","39,600","1,150","40,000","1,780","40,960","1,318","35,390","1,272","31,770","1,340","33,310","1,097","31,130","1,018","30,710",897,"29,120","1,240","29,580",978,"26,370","1,410","26,430",803,"23,250","1,161","20,740",821
Wyoming,"73,090","2,300","71,050","3,919","65,450","2,206","65,130","3,773","62,540","3,892","59,540","3,184","57,840","3,134","57,830","3,122","60,930","2,024","55,690","2,019","67,440","3,988","55,700","3,168","57,510","2,820","54,510","2,277","52,200","2,181","52,470","2,131","53,340","1,577","48,740","1,363","47,040","1,503","44,720","1,508","45,400","1,146","42,560","1,000","39,760",976,"39,720","1,166","39,630","1,056","37,250","1,285","35,250","1,316","33,420","1,441","30,950",858,"31,530","1,136","33,140","1,848","29,440","1,167","30,210","1,420","29,050","1,382","29,460",991,"29,520","1,289","26,420","1,095","27,590","1,458","23,560",863,"22,080","1,049","23,820",731
2022 Dollars,,,,,,,,,,,,,,,,,,,,,,,,,,,,,,,,,,,,,,,,,,,,,,,,,,,,,,,,,,,,,,,,,,,,,,,,,,,,,,,,,,
State,2022,,2021,,2020 (41),,2019,,2018,,2017 (40),,2017,,2016,,2015,,2014,,2013 (39),,2013 (38),,2012,,2011,,2010 (37),,2009 (36),,2008,,2007,,2006,,2005,,2004 (revised),,2003,,2002,,2001,,2000 (30),,1999 (29),,1998,,1997,,1996,,1995 (25),,1994 (24),,1993 (23),,1992 (22),,1991,,1990,,1989,,1988,,1987 (21),,1986,,1985 (20),,1984 (19),
,Median income,Standard error,Median income,Standard error,Median income,Standard error,Median income,Standard error,Median income,Standard error,Median income,Standard error,Median income,Standard error,Median income,Standard error,Median income,Standard error,Median income,Standard error,Median income,Standard error,Median income,Standard error,Median income,Standard error,Median income,Standard error,Median income,Standard error,Median income,Standard error,Median income,Standard error,Median income,Standard error,Median income,Standard error,Median income,Standard error,Median income,Standard error,Median income,Standard error,Median income,Standard error,Median income,Standard error,Median income,Standard error,Median income,Standard error,Median income,Standard error,Median income,Standard error,Median income,Standard error,Median income,Standard error,Median income,Standard error,Median income,Standard error,Median income,Standard error,Median income,Standard error,Median income,Standard error,Median income,Standard error,Median income,Standard error,Median income,Standard error,Median income,Standard error,Median income,Standard error,Median income,Standard error
United States,"74,580",588,"76,330",397,"76,660",603,"78,250",626,"73,030",485,"72,090",380,"72,370",395,"70,840",523,"68,410",389,"64,900",474,"65,740",802,"63,720",339,"63,350",260,"63,350",318,"64,300",424,"65,850",282,"66,280",181,"68,610",191,"67,520",290,"66,780",223,"65,760",291,"65,860",286,"65,820",216,"66,360",203,"67,470",212,"67,650",316,"65,980",390,"63,640",294,"62,350",314,"61,440",355,"59,550",271,"58,920",275,"59,210",280,"59,710",285,"61,500",314,"62,260",342,"61,210",313,"60,760",296,"60,010",311,"57,860",314,"56,780",258
Alabama,"59,910","1,934","61,390","2,474","61,650","2,889","64,010","2,861","57,720","2,801","59,980","1,290","60,270",996,"56,660","2,761","53,880","4,139","51,140","1,849","58,050","6,761","50,770","2,840","53,970","3,140","53,900","2,558","53,420","3,127","52,890","1,196","58,600","2,186","57,660","1,939","53,170","1,420","53,550","1,751","54,330","1,933","56,640","2,402","58,360","1,648","55,250","1,581","56,920","1,723","60,260","1,976","61,530","2,218","54,930","2,764","53,230","2,210","46,860","2,283","50,200","2,877","47,310","2,052","49,880","2,045","48,250","2,117","47,970","2,130","45,840","2,305","44,850","2,050","46,010","2,674","46,110","2,133","44,910","1,862","43,850","1,533"
Alaska,"89,740","4,842","87,490","4,277","84,260","4,010","89,290","7,614","79,450","3,918","91,960","4,384","85,170","3,206","90,860","4,903","90,920","4,219","81,800","3,814","88,910","6,681","75,000","4,050","79,030","3,525","72,690","4,696","75,490","3,119","81,490","2,316","84,310","3,033","86,040","2,162","79,030","2,094","80,570","1,919","81,670","3,072","78,810","1,492","81,910","1,665","90,140","3,162","84,920","1,862","85,430","3,700","86,010","3,604","82,540","2,164","92,720","3,350","86,470","3,621","83,740","2,758","80,970","3,099","80,790","2,234","80,490","3,611","80,710","3,342","77,550","2,968","74,430","2,660","77,480","3,490","75,580","2,451","85,210","2,668","81,970","3,731"
Arizona,"73,450","4,123","76,370","3,660","75,620","3,843","80,500","3,862","71,990","2,648","70,390","3,171","72,080","3,115","68,510","2,365","63,250","2,431","59,580","2,787","64,540","5,355","62,080","5,927","58,410","3,628","61,540","3,068","61,200","2,906","60,510","1,642","61,810","1,482","64,490","2,124","65,360","1,745","65,220","1,832","65,040","1,695","62,590","2,162","61,670","1,557","67,110","2,264","63,930","1,944","61,500","1,883","62,930","2,129","56,310","2,231","55,580","2,238","55,650","2,452","57,760","1,427","57,540","2,112","56,740","2,103","60,920","1,778","60,020","2,343","61,490","2,606","59,430","1,895","62,360","2,080","61,460","1,731","58,500","1,823","54,270","1,543"
Arkansas,"53,980","2,376","54,760","1,553","57,240","2,071","62,120","2,715","57,540","2,437","58,660","2,937","57,580","3,115","55,080","2,598","51,810","1,903","54,340","3,080","48,310","2,947","48,970","2,931","48,450","3,492","52,270","2,340","50,350","3,215","48,330","1,202","52,160","1,573","55,720","1,841","51,910","1,074","52,840","1,887","51,890","1,474","48,660","1,180","50,270","1,208","52,390","1,798","47,720","1,240","49,340","1,705","46,940","1,968","44,990","1,985","47,650","1,718","46,550","1,801","47,190","1,742","43,450","1,598","46,160","2,702","46,450","1,552","46,800","2,015","46,160","1,971","45,350","1,587","43,890","2,350","45,150","1,844","42,750","1,872","39,710","1,895"
California,"85,300","1,960","87,960","1,315","87,530","1,619","88,960","2,107","81,480","1,425","82,580","1,858","82,260","1,712","79,960","1,290","77,030","2,071","73,170","1,081","74,580","2,222","70,580","1,500","70,800","1,537","67,540","1,744","70,840","1,542","74,260",819,"75,120","1,092","76,120",844,"77,490",974,"74,610",663,"73,010",979,"74,960","1,245","73,630","1,189","74,270","1,142","75,230","1,102","72,520","1,169","69,450",979,"68,270","1,486","68,180","1,437","66,730","1,304","65,210","1,143","64,260","1,228","67,460","1,216","66,720","1,358","68,370","1,160","71,090","1,331","68,090","1,425","70,280","1,254","69,920","1,374","66,100",857,"64,060",922
Colorado,"89,930","3,790","91,610","3,402","94,440","6,784","82,580","5,947","84,420","4,117","88,420","3,138","87,460","3,516","84,670","4,949","80,610","4,457","73,710","2,920","83,310","5,065","77,740","3,435","71,090","3,362","74,200","3,231","78,600","3,238","73,990","2,110","80,290","2,501","83,510","1,385","78,020","2,135","72,720","1,855","75,480","2,358","75,930","1,761","74,960","2,272","77,620","1,870","77,520","1,988","80,080","2,465","79,060","1,843","74,350","3,343","71,940","2,335","73,400","2,798","69,830","2,669","65,050","2,959","62,790","2,843","62,430","2,467","63,120","1,861","57,730","3,011","58,940","2,889","61,730","2,506","65,540","2,232","69,040","2,082","65,360","2,039"
Connecticut,"90,730","4,245","87,300","5,672","89,540","4,060","99,420","5,274","84,160","5,917","87,620","4,072","85,820","4,138","91,100","4,084","88,230","5,385","84,870","3,224","85,010","3,972","83,150","3,125","79,770","3,542","82,790","3,815","86,120","2,734","85,790","3,053","85,220","3,559","87,610","2,799","87,420","3,029","81,930","2,354","81,730","2,444","83,570","2,373","82,860","2,126","83,830","1,949","80,620","2,181","84,100","3,817","78,910","4,629","75,650","3,421","73,990","5,423","72,560","4,091","75,850","2,944","74,530","3,131","78,940","3,811","83,540","3,853","79,830","4,307","91,150","3,429","81,420","2,907","76,620","3,175","78,870","3,869","76,170","2,766","75,870","3,136"
Delaware,"80,750","4,160","74,070","3,148","78,930","5,955","84,510","3,427","75,140","4,160","76,600","6,167","73,480","3,891","69,650","3,590","69,910","4,106","69,580","3,592","66,360","5,337","64,060","3,050","60,810","2,454","69,180","2,209","72,050","2,943","68,940","2,356","66,800","1,829","74,560","2,949","73,460","2,423","73,860","1,551","71,270","2,108","74,530","2,095","77,060","2,615","77,950","2,307","80,930","2,423","77,510","3,792","70,340","2,974","74,010","3,546","69,050","2,463","62,980","3,332","66,210","2,198","68,020","1,601","68,960","2,692","64,580","2,202","63,270","2,286","69,070","2,440","68,580","2,624","68,180","2,040","61,770","2,921","56,300","3,347","65,410","2,602"
District of Columbia,"101,700","3,114","97,740","4,050","99,440","3,957","106,100","4,424","99,110","3,073","95,840","2,244","98,320","3,914","85,170","3,280","84,820","3,463","82,590","5,325","73,680","6,783","74,440","3,781","81,010","4,558","69,930","2,669","74,290","4,349","70,300","2,762","73,240","2,323","69,360","1,498","67,910","2,352","64,860","3,124","64,450","2,765","68,490","2,156","60,640","1,544","64,690","1,608","66,240","1,723","64,280","2,658","56,730","2,224","54,790","1,692","56,160","2,772","55,440","2,131","55,590","2,043","51,500","3,255","58,460","2,172","59,230","3,771","56,260","3,208","57,620","2,186","60,120","1,682","64,010","2,996","58,620","3,018","51,640","1,852","51,700","2,179"
Florida,"65,370","1,950","64,410","1,627","65,110","2,045","66,480","1,798","63,160","2,181","62,600","1,696","63,300","2,141","61,400","1,002","59,100","1,689","55,810","1,149","59,540","3,453","58,750","1,930","57,210","1,378","57,090","1,440","57,500","2,015","60,360",934,"59,100","1,130","62,550",779,"63,990",881,"61,970","1,168","60,120",937,"59,250","1,154","59,020","1,285","57,230",655,"62,440","1,194","59,560","1,042","59,230","1,301","55,820","1,003","53,830",901,"53,630","1,103","54,070","1,166","53,850","1,333","52,860","1,017","54,010",941,"54,810",932,"56,180","1,023","57,120","1,068","57,100","1,110","55,070","1,302","52,290","1,071","50,120","1,186"
Georgia,"67,730","2,981","66,310","2,443","66,810","2,325","64,500","2,029","64,520","2,349","68,370","2,698","67,230","2,870","64,230","2,015","61,450","1,696","59,940","2,430","57,650","5,197","58,200","2,403","59,750","1,867","58,190","3,143","57,570","2,378","57,330","1,661","60,910","1,534","66,440","1,472","69,120","1,695","66,200","1,208","60,790",917,"64,520","1,488","66,650","1,718","66,910","1,686","67,330","1,335","65,540","2,252","65,600","2,000","63,050","1,575","57,090","2,927","61,480","1,617","58,080","2,285","59,720","2,365","55,660","2,373","53,930","2,156","56,610","2,436","59,320","2,199","59,730","2,014","62,280","3,217","58,740","2,680","51,570","1,931","50,620","2,065"
Hawaii,"91,010","3,712","88,630","4,087","91,110","2,735","100,200","4,061","92,590","4,025","86,780","2,773","86,760","2,626","86,550","3,012","78,090","3,438","86,150","3,237","78,800","4,807","75,340","2,708","69,860","2,800","74,730","3,203","77,700","3,564","73,620","2,676","81,060","1,951","87,440","2,902","84,710","2,201","85,890","1,747","83,420","2,507","78,810","2,025","73,420","2,128","74,550","1,974","82,830","1,917","73,980","3,045","69,270","4,019","70,400","2,406","73,380","3,325","77,260","2,330","77,990","4,472","80,460","3,318","81,400","2,774","73,820","3,230","79,940","2,904","75,460","2,860","74,250","3,332","81,650","2,504","69,910","2,907","70,950","3,543","73,150","3,080"
Idaho,"72,580","2,657","82,940","1,981","75,220","2,241","75,160","2,451","67,880","2,780","70,160","2,664","70,990","2,830","67,870","1,513","62,490","1,525","64,640","3,111","59,460","6,728","63,510","4,485","59,500","3,940","60,070","4,415","61,400","2,439","61,880","1,672","62,480","2,215","67,180","1,763","64,740","1,838","63,680","1,808","65,790","2,057","64,420","1,493","58,540","1,740","60,090","1,518","60,440","1,915","59,510","2,349","62,230","1,849","57,450","2,303","60,970","2,356","58,920","2,012","58,210","2,359","58,490","2,495","53,550","1,689","51,760","2,039","51,970","2,003","53,100","2,053","52,720","2,257","48,390","1,944","50,010","1,639","50,860","1,465","53,430","2,440"
Illinois,"78,020","2,365","85,460","1,909","83,790","2,510","84,740","2,990","81,080","2,604","77,790","1,966","76,180","2,357","73,650","2,113","73,130","2,420","66,430","1,966","66,170","4,032","70,170","2,140","64,240","1,649","64,090","1,739","66,200","1,923","69,940","1,245","70,160","1,746","71,710","1,298","68,180","1,635","69,770","1,421","68,340","1,221","68,650","1,630","66,290","1,329","72,550","1,381","74,020","1,552","77,010","1,709","73,260","2,094","71,000","1,345","69,480","1,945","68,650","1,578","64,750","1,475","61,970","1,528","60,980","1,453","63,190","1,415","66,840","1,487","67,410","1,342","66,380","1,695","63,150","1,250","63,900","1,528","60,930","1,281","60,170","1,436"
Indiana,"70,030","2,717","75,690","2,716","75,310","4,707","75,960","3,545","69,230","2,308","69,290","1,951","69,420","2,389","67,310","3,452","62,930","2,036","58,130","2,350","60,670","5,530","62,020","3,950","57,310","2,219","56,250","2,922","60,210","3,358","58,610","1,435","61,290","1,561","64,810","1,714","63,610","1,731","61,170","1,586","62,790","1,707","64,500","1,458","63,710","1,161","63,450","1,490","65,660","1,091","67,880","2,857","67,410","2,696","66,880","2,035","61,740","2,280","60,200","2,604","51,420","1,905","55,590","2,567","55,140","2,542","53,690","1,827","55,310","2,257","55,780","2,201","59,110","2,093","52,500","2,201","54,780","1,709","55,550","1,534","57,680","1,799"
Iowa,"76,320","3,355","78,100","3,783","77,570","3,773","75,240","4,567","79,430","3,364","74,840","5,613","74,850","6,499","70,900","2,980","73,660","3,964","69,930","4,143","73,800","7,525","67,300","2,413","66,360","2,655","63,560","2,498","63,960","1,751","67,100","2,031","66,060","1,704","66,800","1,982","67,420","2,089","67,030","1,930","64,360","2,256","62,920","1,344","63,710","1,788","64,390","1,780","65,870","1,303","68,320","1,878","62,810","2,039","58,100","2,205","58,340","2,682","64,040","1,699","61,060","2,363","54,060","2,339","55,550","1,879","56,590","2,006","56,050","2,025","56,570","1,706","54,650","2,424","51,740","2,126","54,130","1,808","51,270","1,480","50,320","1,887"
Kansas,"73,040","3,440","81,930","4,543","82,380","4,094","83,320","4,931","73,900","2,343","67,090","2,284","68,240","3,417","68,160","3,921","66,410","4,516","64,650","3,463","58,670","5,516","63,160","1,838","62,090","2,250","58,410","2,468","60,100","2,370","59,150","2,365","63,080","1,858","66,240","2,465","63,810","1,754","60,580","1,420","60,910","2,594","67,250","2,016","66,150","1,625","65,080","1,752","65,980","1,877","62,080","3,454","62,290","2,744","62,720","2,776","57,240","2,565","54,710","1,661","52,280","1,964","56,150","2,158","58,650","2,198","58,060","1,851","61,450","2,422","57,850","1,956","57,480","2,592","59,650","2,098","57,670","1,885","55,830","2,531","62,390","2,310"
Kentucky,"55,880","4,060","59,980","3,262","63,980","2,653","63,400","2,908","63,060","4,240","58,570","2,223","60,550","1,608","54,440","2,406","51,310","2,747","51,750","1,911","55,060","4,814","51,720","2,299","51,020","2,359","50,440","2,338","53,640","3,684","56,440","1,737","54,210","1,070","53,890","1,654","55,310","1,472","52,900","1,294","52,820","1,807","56,160","1,303","57,060","1,357","60,400","1,586","58,270","1,363","56,080","2,467","61,510","2,564","57,530","2,853","56,940","2,528","53,750","2,072","49,090","1,897","45,980","2,058","45,390","2,433","47,100","2,073","50,900","2,491","50,150","2,597","44,760","1,801","48,200","2,189","47,900","2,425","42,530","1,833","44,790","2,733"
Louisiana,"58,330","2,024","61,690","3,104","57,700","1,806","58,890","1,609","57,760","2,027","51,370","2,462","51,770","1,713","50,630","1,436","55,590","2,590","51,290","2,252","56,950","3,120","48,610","3,505","48,530","2,000","51,460","2,441","51,280","4,238","60,100","2,398","52,130","1,958","56,430","1,280","51,110","1,996","53,680","1,870","54,030","1,844","50,940","1,677","52,780","1,953","52,360","1,878","49,360","1,330","54,280","2,068","53,840","2,817","57,200","2,667","53,160","2,266","50,390","1,965","47,390","2,770","49,630","2,195","49,170","2,207","50,140","2,291","46,020","3,245","49,240","4,000","46,080","3,314","49,770","2,000","50,350","2,304","51,890","1,784","48,000","2,229"
Maine,"75,160","3,545","76,710","3,334","71,800","3,874","75,800","5,697","67,810","6,569","62,870","3,680","60,920","2,530","61,020","4,015","61,440","2,335","62,550","2,626","67,420","4,739","61,490","2,396","61,040","2,790","62,890","2,510","62,550","2,201","62,840","2,300","62,220","1,892","65,420","1,909","63,940","2,517","63,320","2,066","61,300","1,814","56,430","1,437","57,200","1,313","57,530","1,496","59,880","1,371","64,600","2,193","60,470","1,780","56,360","2,238","60,950","2,127","61,050","1,962","55,960","2,837","51,750","2,269","57,240","1,983","55,230","2,483","56,410","3,229","60,780","2,992","59,360","2,118","55,020","2,376","56,460","2,338","50,270","1,967","52,310","2,239"
Maryland,"108,200","5,355","105,000","4,844","106,900","4,775","108,900","3,740","99,660","3,850","96,800","4,296","95,610","4,306","88,500","3,109","89,090","3,259","92,130","5,167","85,080","3,644","80,060","5,381","89,200","2,298","87,170","2,689","83,780","2,997","84,910","2,214","83,940","2,331","89,640","2,269","89,190","2,243","87,230","2,129","84,700","2,510","79,540","1,859","87,550","2,378","84,120","2,596","87,630","2,250","86,780","3,685","84,860","3,667","80,290","2,538","77,280","4,506","74,000","2,934","72,350","2,584","75,330","2,418","71,910","3,143","73,230","2,808","79,810","3,278","77,570","2,556","82,180","2,689","81,530","3,236","73,770","2,497","73,830","2,367","75,260","2,916"
Massachusetts,"93,550","3,280","93,340","4,420","98,980","7,133","99,900","3,221","99,800","3,219","89,900","2,823","86,350","3,924","86,710","3,493","82,150","3,377","76,390","3,220","76,710","6,506","77,240","4,240","79,040","4,685","80,130","4,083","79,520","2,862","78,540","2,314","79,470","2,206","79,850","3,047","77,510","2,912","80,750","2,528","77,160","2,473","77,470","1,449","77,380","1,790","82,110","2,385","75,130","2,181","73,150","3,363","71,850","3,327","72,270","2,379","69,380","3,394","69,550","2,660","74,750","1,956","69,910","1,790","70,270","1,426","70,780","1,566","74,450","1,701","77,720","1,516","74,670","1,886","75,170","1,669","73,130","1,772","69,110","1,984","68,290","1,756"
Michigan,"68,990","2,794","69,540","4,118","72,590","3,597","73,030","1,914","69,870","2,203","66,510","2,696","68,040","2,756","68,500","2,289","65,610","2,427","62,910","1,450","69,400","1,947","59,870","2,735","62,100","1,881","61,860","2,334","60,390","2,267","60,840","1,327","65,600","1,520","67,430","1,090","68,150","1,353","66,210","1,319","62,680","1,273","68,450","1,444","66,300","1,731","70,790","1,364","73,130","1,760","76,610","1,705","70,960","1,556","66,630","1,906","68,910","2,008","65,680","1,792","65,120","1,264","61,600","1,286","62,370","1,471","63,650","1,366","61,490","1,362","66,280","1,701","66,260","1,365","64,590","1,688","64,130","1,562","59,390","2,053","58,180","1,609"
Minnesota,"90,390","4,307","86,740","5,445","88,770","3,825","92,740","3,403","83,010","4,226","82,510","5,482","84,800","3,527","84,250","4,853","83,200","3,708","81,340","3,879","78,910","4,897","74,720","2,261","76,730","1,663","73,180","3,012","68,280","2,096","74,200","1,636","72,370","1,880","79,300","2,579","78,740","1,706","78,150","1,793","83,220","1,587","80,310","1,867","84,780","1,856","82,780","1,782","87,170","2,736","78,190","2,538","81,320","3,588","73,200","2,597","72,010","2,152","68,400","3,332","62,100","2,510","63,530","2,286","59,880","2,507","58,420","2,271","64,630","2,111","65,010","2,752","65,400","2,340","65,470","2,595","63,740","2,772","58,450","2,504","61,900","2,315"
Mississippi,"48,610","2,427","50,290","1,946","50,880","2,956","51,010","3,413","49,450","2,663","51,030","2,117","51,220","2,599","49,310","1,471","48,460","1,296","42,970","1,565","39,670","3,349","50,120","2,630","45,500","1,920","52,010","2,994","49,800","3,693","46,400","1,725","48,020","1,094","50,920","1,299","48,660","2,218","47,390","1,862","51,550","1,679","49,760","1,692","47,930","1,189","47,400","1,864","55,110","2,176","53,990","2,340","49,410","1,965","49,010","2,384","46,860","2,312","47,850","1,854","46,880","1,388","41,850","2,318","39,760","2,076","38,600","2,087","41,440","1,647","42,900","2,040","40,840","1,996","43,160","2,101","39,800","1,540","40,210","1,517","39,090","1,854"
Missouri,"71,520","4,037","68,570","2,922","70,090","3,060","69,020","3,340","71,350","2,823","66,660","2,751","67,080","3,079","66,010","2,063","71,660","3,156","68,500","3,665","56,800","5,072","61,720","4,537","61,790","2,535","57,930","2,730","59,790","2,815","64,510","2,110","60,660","1,510","62,840","1,508","62,450","1,964","61,970","1,426","62,500","1,592","66,540","1,330","66,390","1,667","64,960","1,892","72,470","1,907","68,790","1,980","68,210","3,169","62,870","3,543","60,190","2,658","62,790","2,476","55,720","2,662","54,100","2,765","52,880","2,804","55,350","2,804","56,140","2,863","57,070","1,607","52,710","2,446","55,300","2,721","52,850","1,861","53,750","1,490","52,630","1,811"
Montana,"72,980","2,878","70,090","5,391","63,960","2,814","68,560","2,612","66,670","3,324","67,690","2,621","69,670","3,053","68,480","3,456","62,210","3,555","61,810","2,151","53,000","7,295","54,140","3,990","55,980","3,185","50,980","2,577","53,870","2,410","53,490","1,325","56,520","2,324","59,630","2,321","57,580",976,"53,790","1,674","50,370","1,052","51,860","1,622","54,070","1,881","50,480","1,158","52,670","1,608","51,590","1,606","53,580","1,922","50,240","1,969","50,390","2,751","50,050","1,992","51,000","2,300","49,920","1,820","51,270","1,407","49,200","1,764","48,010","2,019","51,030","2,824","49,980","1,864","47,730","1,863","49,000","1,805","49,580","1,960","49,490","1,824"
Nebraska,"78,360","3,148","84,220","4,273","81,440","2,765","83,230","3,712","78,110","4,546","70,260","3,290","70,300","3,358","71,240","3,213","73,200","3,555","68,790","2,726","70,690","5,173","65,970","2,227","64,810","3,351","70,390","3,408","68,510","2,298","65,610","2,192","66,840","1,652","67,160","1,883","67,440","2,087","69,080","2,086","64,950","1,976","66,860","1,986","66,420","1,611","68,530","1,754","67,090","1,636","64,210","2,271","61,780","2,628","59,660","2,628","59,750","2,635","59,370","2,083","58,680","2,060","58,480","1,571","58,080","2,070","58,560","1,996","56,450","2,317","56,680","3,276","56,570","2,158","54,250","1,774","52,480","1,962","53,410","2,239","54,200","1,938"
Nevada,"72,330","3,554","69,380","3,774","68,950","2,736","80,760","3,947","71,510","2,446","68,440","3,481","66,680","3,583","66,510","2,564","62,960","2,750","60,330","2,221","63,600","3,899","55,660","3,472","58,770","3,145","59,540","3,378","66,810","2,508","68,040","1,451","72,130","3,502","73,830","1,767","73,240","1,754","69,490","2,422","70,020","2,050","68,700","2,363","69,780","1,802","71,350","1,776","73,530","1,625","68,920","2,932","67,450","2,078","66,820","2,710","67,700","2,837","65,060","2,369","66,210","2,831","67,550","2,033","61,670","1,538","65,280","3,100","65,770","2,422","63,190","2,042","62,910","2,149","62,660","2,630","63,190","2,157","57,020","2,462","65,300","2,579"
New Hampshire,"84,970","5,553","95,800","5,196","100,200","3,924","98,980","3,099","94,020","3,923","89,180","4,647","88,200","3,586","91,500","3,495","91,600","4,260","88,780","3,935","84,770","4,867","87,500","4,001","84,210","2,761","83,380","2,091","86,950","2,154","84,840","2,455","87,190","4,221","92,300","2,521","86,810","2,072","82,140","2,921","84,270","1,964","84,490","1,983","85,860","2,001","80,660","1,130","81,830","1,997","76,560","3,245","76,280","3,166","70,510","2,759","69,230","3,046","70,630","2,806","65,050","3,391","71,600","3,055","76,220","3,715","71,410","2,654","83,810","2,697","80,830","2,953","77,850","2,538","75,390","3,381","73,630","1,998","64,690","2,631","65,650","1,862"
New Jersey,"92,340","3,453","95,490","5,123","96,430","4,572","99,920","4,634","85,740","3,288","84,000","4,869","86,070","3,536","82,150","3,440","82,750","3,791","78,920","3,257","78,210","5,476","75,790","3,752","82,810","2,434","78,900","3,832","82,170","3,188","85,690","2,539","86,040","3,026","82,640","1,991","95,340","2,772","91,350","3,253","81,990","1,903","85,210","1,555","84,690","2,491","81,350","1,466","80,990","1,592","82,670","2,335","84,540","2,436","82,590","2,449","83,390","2,138","79,200","2,524","78,040","1,964","76,390","1,860","75,380","1,625","79,370","2,047","79,560","1,775","84,260","2,042","81,580","1,479","79,830","1,851","76,440","2,029","75,900","1,575","70,360","2,027"
New Mexico,"56,420","2,348","57,650","3,388","57,380","1,938","60,500","2,501","55,810","2,545","53,770","2,153","56,430","2,322","58,130","3,553","54,620","3,492","56,470","4,006","49,280","5,408","51,680","3,276","53,920","2,815","53,130","2,726","58,900","3,936","57,600","1,976","55,470","1,820","60,580","2,013","56,070","1,761","56,140","2,451","58,680","2,349","53,370","1,736","55,030","1,647","52,050","1,945","56,390","2,005","54,150","2,902","53,520","2,372","51,740","1,990","44,070","1,917","46,860","1,983","49,660","2,551","50,470","1,609","49,980","2,603","52,600","2,368","51,430","2,152","48,680","2,216","43,380","1,873","48,400","1,448","47,830","1,670","50,040","2,511","52,260","2,607"
New York,"75,910","2,009","78,630","2,988","77,400","2,702","81,840","1,936","77,760","1,990","72,570","2,030","73,630","2,468","73,720","1,686","70,210","2,669","65,690","2,154","61,300","2,781","66,050","2,014","59,200","1,968","64,090","1,273","64,960","1,723","66,430",792,"66,480",899,"66,850","1,254","67,550","1,385","68,010","1,192","66,230","1,175","65,060","1,326","65,140",900,"66,180",943,"65,470",934,"66,470","1,461","63,450","1,318","61,570","1,090","62,210","1,310","59,550","1,291","58,880",880,"59,780","1,049","60,020","1,022","63,010","1,066","64,880","1,050","67,830",976,"65,010","1,502","61,510","1,063","60,320","1,142","57,910","1,281","55,800","1,056"
North Carolina,"65,070","2,996","67,820","2,266","68,120","1,858","69,660","1,878","61,690","2,035","58,420","2,614","59,360","2,075","64,510","1,955","61,490","1,626","56,590","2,068","56,850","3,648","50,550","2,525","51,600","1,607","57,210","1,974","57,200","2,509","55,440",762,"56,560","1,115","59,430","1,464","55,750","1,142","60,620","1,390","59,680","1,204","56,680","1,431","56,670","1,111","59,970","1,494","61,570","1,295","61,930","1,596","60,810","1,734","61,640","1,577","62,540","1,771","57,660","1,601","55,580","1,237","54,360","1,232","53,680","1,191","53,220","1,011","54,080","1,142","56,870","1,113","54,890","1,205","53,060","1,264","52,690","1,682","52,550","1,433","52,110","1,624"
North Dakota,"78,720","4,371","74,280","2,945","72,270","2,639","79,760","3,611","76,870","3,577","70,950","2,479","70,610","1,976","72,210","2,748","69,500","3,914","73,460","3,796","72,570","4,234","64,880","3,512","69,240","2,636","71,330","3,746","66,560","3,016","66,240","2,299","65,390","1,565","64,470","1,748","57,500","1,968","60,820","1,760","58,170","1,856","61,440","1,295","56,190","1,279","56,250","1,263","57,840","1,711","54,300","2,299","51,420","2,000","54,450","2,341","55,280","2,080","52,450","2,194","52,190","2,058","53,030","1,575","52,110","1,741","51,310","1,847","51,890","2,060","54,340","1,945","54,170","2,269","52,640","2,110","51,840","1,892","51,950","1,982","52,620","2,629"
Ohio,"67,520","2,214","67,600","3,159","68,060","1,738","73,650","3,430","71,240","2,605","71,560","2,231","70,480","2,229","64,770","2,273","64,520","2,369","60,050","1,685","62,260","3,003","56,920","1,700","55,100","2,139","56,510","1,519","59,880","1,948","60,690",828,"61,840","1,117","67,060","1,482","64,300",887,"63,720","1,508","63,860","1,449","66,170","1,414","66,250","1,206","65,660","1,039","69,030","1,176","65,640","1,644","66,040","2,674","62,140","1,538","59,850","1,867","63,000","1,781","58,800","1,078","59,010","1,241","60,700","1,135","59,040","1,504","61,640","1,479","62,500","1,411","62,370","1,430","60,090","1,294","60,540","1,417","61,670","1,382","58,580","1,246"
Oklahoma,"63,440","3,371","64,800","4,219","59,150","2,154","67,650","2,685","62,920","3,206","61,180","3,666","64,860","3,658","61,120","1,982","56,990","2,345","57,090","3,357","56,630","4,223","53,710","5,011","60,110","3,503","61,330","3,031","56,250","2,705","60,690","1,507","60,750","1,227","59,030","1,985","54,410","2,237","54,270","2,089","58,760","1,664","54,590","1,187","56,590",951,"55,960","1,084","52,110","1,139","54,330","2,478","57,220","2,090","53,920","1,763","48,200","1,913","47,440","1,587","49,820","2,239","49,530","2,814","48,870","2,078","50,460","2,138","50,080","2,144","50,970","2,662","53,210","1,700","50,570","2,061","50,490","2,099","51,950","1,872","53,570","1,819"
Oregon,"86,780","3,431","88,260","3,311","86,630","4,038","84,760","6,464","79,950","4,225","73,690","2,997","76,180","3,368","70,950","3,146","73,640","2,874","71,220","3,626","60,110","3,542","69,080","2,481","64,290","2,893","65,210","2,034","66,030","1,964","64,950","2,175","68,150","1,810","68,610","1,853","65,970","1,956","63,660","2,005","60,810","1,559","63,310","1,467","64,880","1,327","64,860","1,182","68,290","1,504","67,520","2,081","66,280","3,270","64,060","3,075","62,350","2,238","65,590","1,749","58,060","2,082","62,500","2,188","61,710","3,941","59,830","2,154","60,140","1,984","61,440","3,091","62,390","2,586","58,380","2,546","59,710","2,415","53,640","2,553","54,210","1,887"
Pennsylvania,"72,210","2,594","78,310","2,214","79,800","3,847","80,390","3,674","74,580","1,890","72,260","2,177","74,490","3,246","73,170","2,443","73,100","2,696","66,740","2,741","67,670","3,602","66,190","1,970","64,450","1,745","63,170","2,144","63,050","1,968","63,720","1,240","67,720",776,"66,160","1,273","67,910","1,217","66,740","1,074","65,420","1,541","65,280","1,183","65,960","1,234","68,360","1,136","67,770","1,131","62,760","1,897","66,200","1,832","64,520","1,658","61,310","1,711","62,250","1,232","59,190","1,207","58,460","1,309","57,760","1,289","60,180","1,217","59,570","1,413","61,790","1,473","60,120","1,117","59,270","1,261","57,380","1,193","56,050","1,318","51,540","1,264"
Rhode Island,"80,650","4,121","80,850","4,552","90,380","3,812","79,900","5,672","71,970","3,870","77,120","4,768","78,280","4,963","73,830","3,393","67,430","3,930","70,920","4,840","69,100","4,726","70,920","2,619","69,610","3,180","62,060","2,889","67,370","2,258","68,300","1,913","70,150","3,161","74,040","2,525","75,280","2,554","71,330","2,099","71,100","2,925","67,980","1,899","65,840","1,358","71,850","1,802","67,810","1,636","71,010","3,291","69,030","4,508","59,850","3,844","64,970","1,820","63,760","2,476","58,930","2,438","63,200","2,918","58,820","2,770","61,110","2,162","65,660","2,413","64,880","2,916","67,090","3,561","65,960","3,357","63,970","2,555","60,330","2,205","54,750","2,148"
South Carolina,"61,770","2,601","67,440","2,330","68,020","2,233","70,650","2,031","66,400","2,406","64,310","2,515","64,820","2,450","65,200","3,783","56,120","2,743","54,350","2,714","53,440","2,930","53,670","3,644","55,130","2,678","50,730","2,154","54,410","1,905","54,370","1,472","55,540","1,477","60,390","2,121","55,500","1,887","57,990","1,736","57,390","1,514","58,500","1,704","58,690","1,900","59,300","1,608","60,370","1,506","60,610","2,872","56,440","2,223","58,930","2,767","60,900","2,468","52,420","2,524","55,090","2,102","49,140","1,811","53,300","2,772","54,430","2,253","59,020","2,841","51,260","2,281","57,410","2,586","58,400","2,649","52,950","2,082","49,090","2,112","51,450","2,366"
South Dakota,"67,180","3,398","79,680","2,863","79,120","4,885","73,190","4,301","68,730","3,054","67,110","4,700","67,090","4,284","68,930","3,690","66,660","3,152","64,170","4,284","65,530","3,579","66,800","3,717","61,360","2,117","59,770","2,717","59,180","2,669","60,620","1,705","67,980","1,311","63,400","1,229","63,640","2,299","62,200","1,973","60,970","1,476","60,090","1,526","58,780","1,479","62,340","1,345","58,610","1,104","59,560","1,569","55,630","1,719","51,070","1,969","51,870","1,762","53,330","2,903","54,880","2,187","52,310","1,962","50,750","1,293","48,830","1,546","50,470","1,762","51,920","2,152","50,120","1,581","49,310","1,392","47,960","1,600","44,450","1,720","49,170","2,351"
Tennessee,"65,380","2,564","67,030","2,846","61,970","2,034","64,500","3,151","64,800","1,667","65,210","2,513","65,140","2,549","61,610","1,664","57,290","2,068","52,880","2,814","53,200","4,214","52,140","3,599","53,390","2,989","53,510","3,235","50,360","1,640","53,600","1,307","52,310","1,596","56,270","1,524","57,010","1,058","56,800","1,717","56,470","1,568","57,050","1,796","57,470","1,724","56,230","1,243","54,790","1,494","60,710","2,178","57,840","2,218","52,690","2,336","54,090","1,910","52,320","2,286","52,860","1,897","47,340","1,567","47,000","1,765","48,460","1,813","46,400","1,785","48,700","2,811","46,890","2,287","49,380","1,853","44,000","2,131","43,560","1,365","42,510","1,459"
Texas,"74,640","1,832","72,680","1,645","77,110","2,184","76,820","2,014","69,100","1,586","70,860","1,564","69,920","2,007","69,770","1,688","68,360","1,560","65,170","1,626","63,070","1,668","65,050","1,979","64,480","1,180","62,080","1,459","61,680","1,512","62,800",983,"61,250",888,"62,900",956,"60,670","1,160","59,710",605,"61,400",814,"59,710","1,159","62,320",874,"64,210",805,"62,040","1,261","64,310","1,696","60,710","1,123","60,320","1,513","58,100","1,340","57,770","1,143","56,770","1,209","54,180","1,156","54,030","1,225","54,960","1,241","57,980","1,471","55,750","1,204","56,120","1,309","57,640","1,485","58,240","1,239","58,170","1,338","58,330","1,350"
Utah,"95,800","4,030","94,510","4,570","94,680","3,246","96,270","3,980","89,080","2,690","82,290","2,552","84,100","2,653","80,970","2,684","80,200","2,980","76,670","3,908","74,890","1,905","77,250","5,075","72,440","3,655","70,230","2,100","73,990","2,560","77,370","2,101","82,390","2,011","73,110","1,664","76,530","2,341","79,010","1,878","75,460","1,375","74,920","1,371","74,280","1,779","74,400","2,516","76,410","1,673","76,550","2,685","75,160","2,333","73,570","3,070","65,070","2,336","65,780","1,657","65,920","1,921","67,500","2,343","66,200","2,213","55,520","2,693","61,910","2,091","66,160","2,184","59,160","2,044","61,850","2,784","63,350","1,952","61,830","1,720","58,410","1,862"
Vermont,"72,190","4,163","82,040","3,743","75,810","4,616","84,630","3,513","80,990","2,716","75,090","3,901","75,240","3,694","73,000","1,637","72,020","3,174","73,430","3,747","80,370","4,923","67,280","3,657","69,010","3,762","65,640","2,540","72,980","2,932","69,210","1,902","66,810","1,294","64,730","1,909","72,820","1,773","73,090","1,887","70,200","1,884","65,770","1,485","66,740","1,288","64,110","1,483","63,620","1,480","69,120","2,339","66,800","2,699","60,290","2,970","56,840","2,196","60,990","2,239","66,080","3,518","58,590","1,803","63,310","2,576","57,780","2,422","63,870","2,734","67,400","2,447","65,170","2,421","59,250","3,203","59,290","2,418","63,700","2,308","57,200","2,490"
Virginia,"85,170","4,082","86,550","3,184","92,670","3,512","92,610","3,481","89,180","3,567","83,500","4,487","84,060","3,863","79,730","2,923","74,430","2,952","80,020","3,563","80,850","3,361","82,960","3,119","80,250","2,689","79,250","2,244","78,780","2,564","80,030","1,578","81,670","1,906","80,800","1,864","80,020","2,230","74,840","1,708","75,860","1,655","83,290","2,376","77,030","2,002","78,950","1,804","75,780","1,711","75,950","2,942","73,560","3,724","73,880","3,263","68,880","2,563","65,310","2,508","69,490","2,826","68,720","2,616","73,830","2,627","71,620","2,648","72,040","2,152","73,480","2,595","73,400","2,965","69,930","2,362","71,620","2,589","69,650","3,244","67,190","2,214"
Washington,"89,430","2,633","94,510","3,566","91,710","3,492","93,910","3,326","92,150","3,496","84,360","2,504","88,930","3,899","84,360","2,510","81,400","3,938","71,450","2,655","78,420","4,154","73,740","2,696","77,220","2,793","71,950","2,510","73,290","2,688","79,890","1,586","74,610","2,663","79,330","2,371","76,660","1,743","73,010","1,506","74,050","1,584","72,230","2,121","70,130","1,496","66,770","1,986","68,330","1,946","75,590","3,458","80,460","2,340","76,640","2,950","64,430","2,825","64,130","2,257","61,890","2,196","67,250","2,095","65,520","2,410","67,320","2,349","65,950","2,545","68,840","3,170","72,680","2,316","63,690","2,583","64,790","2,290","58,800","1,852","63,370","2,085"
West Virginia,"52,460","2,383","50,500","2,423","58,580","2,455","61,170","3,411","58,460","1,545","55,370","1,506","53,520","1,751","53,220","2,393","51,840","3,791","47,840","2,655","52,840","4,237","49,370","3,300","54,080","3,444","52,930","2,235","55,820","3,286","53,560","1,208","50,060","1,850","57,490","1,351","53,820","1,701","52,540","1,551","49,500","1,740","49,810","1,510","45,570","1,085","46,630","1,059","47,260","1,036","48,700","1,910","45,310","1,323","47,280","2,262","44,350","2,285","44,860","1,569","43,490","2,246","42,290","1,850","39,180","1,724","45,870","1,819","45,470","2,346","46,690","1,816","43,510","2,091","40,120","1,814","39,680","2,181","39,160","2,029","42,670","1,540"
Wisconsin,"73,330","2,567","75,420","3,378","75,980","5,440","76,720","2,646","72,390","2,357","74,850","3,429","74,820","4,331","71,770","2,214","67,090","1,800","70,250","2,605","63,460","3,225","67,790","2,868","65,910","2,122","65,890","2,616","65,710","1,873","67,780","1,066","67,460","1,123","70,040","1,420","72,410","1,605","64,360","1,698","67,830","1,983","70,350","1,487","71,250","1,468","71,260","1,765","72,450","1,530","75,910","3,122","70,120","2,156","68,100","1,978","70,270","3,127","73,850","2,376","65,320","2,348","59,910","2,527","64,380","2,120","61,700","2,018","63,080","1,842","62,720","2,671","66,490","2,199","61,480","3,287","63,700","1,935","56,950","2,844","52,550","2,080"
Wyoming,"73,090","2,300","76,620","4,225","73,780","2,487","74,190","4,297","72,290","4,499","70,200","3,754","68,200","3,695","69,390","3,746","73,750","2,450","67,360","2,442","82,740","4,892","68,330","3,886","71,410","3,502","68,990","2,882","68,120","2,846","69,410","2,819","70,270","2,078","66,580","1,862","65,900","2,105","64,460","2,174","67,340","1,700","64,700","1,520","61,720","1,515","62,420","1,832","63,680","1,697","61,920","2,136","59,810","2,233","57,480","2,478","54,380","1,507","56,850","2,048","61,170","3,411","55,530","2,201","58,390","2,745","57,570","2,739","60,510","2,035","63,580","2,776","59,400","2,462","64,320","3,399","56,780","2,080","54,100","2,570","60,330","1,852"
